{"options":{"check_for_updates":false,"comment":null,"compatopts_for_requires":true,"compat_wrappedjsobject":false,"compat_metadata":false,"compat_foreach":false,"compat_prototypes":false,"compat_powerful_this":null,"noframes":null,"unwrap":null,"run_at":null,"tab_types":null,"override":{"merge_connects":true,"merge_excludes":true,"merge_includes":true,"merge_matches":true,"orig_connects":[],"orig_excludes":[],"orig_includes":[],"orig_matches":["https://*.service-now.com/*incident.do*","https://*.service-now.com/*incident_task.do*","https://*.service-now.com/*change_request.do*","https://*.service-now.com/*knowledge.do*","https://*.service-now.com/*problem.do*","https://*.service-now.com/*rm_release.do*","https://*.service-now.com/*rm_task.do*","https://*.service-now.com/*sc_req_item.do*","https://*.service-now.com/*sc_task.do*","https://*.service-now.com/*task_list.do*"],"orig_noframes":null,"orig_run_at":"document-idle","use_blockers":[],"use_connects":[],"use_excludes":[],"use_includes":[],"use_matches":[]}},"settings":{"enabled":true,"position":1},"meta":{"name":"Service Now Jazzifier","uuid":"360cfd37-9abb-46eb-9a45-2b439da3649a","modified":1650727700006}}